{
    "feature value": [
        2.049421462933395,
        0.504041579548772,
        0.2577308752448718,
        0.018286759801818712,
        0.0020831400030605555,
        -1.2701397484083722e-05,
        -0.0002882882585926443,
        0.058041655050279944,
        -0.0020254524748447695,
        -0.00031006910153474996,
        8.800003175539742e-07
    ],
    "standard deviation": [
        0.1645724497271385,
        0.015332699433594063,
        0.016590622887978655,
        0.001986363625657602,
        0.00023206813679579422,
        2.585883198131585e-06,
        0.00014943809233106337,
        0.001995706560349157,
        0.00021954197641003447,
        0.00024302945340696965,
        1.555633082538461e-06
    ]
}